Plug.ID,Tank,Days,Total,Aggregate,Individual,Juv.Treatment,Success,Failure
29,1,1,1,0,1,High,1,0
29,1,11,1,0,1,High,1,0
29,1,14,1,0,1,High,1,0
29,1,21,1,0,1,High,1,0
29,1,28,1,0,1,High,1,0
29,1,47,1,0,1,High,1,0
44,4,1,8,0,8,High,8,0
44,4,11,8,0,8,High,8,0
44,4,14,8,0,8,High,8,0
44,4,21,7,0,7,High,7,1
44,4,28,7,0,7,High,7,1
44,4,47,5,0,5,High,5,3
58,1,1,4,0,4,High,4,0
58,1,11,4,0,4,High,4,0
58,1,14,4,0,4,High,4,0
58,1,21,3,0,3,High,3,1
58,1,28,3,0,3,High,3,1
58,1,47,1,0,1,High,1,3
59,1,1,10,1,9,High,10,0
59,1,11,10,1,9,High,10,0
59,1,14,10,1,9,High,10,0
59,1,21,8,1,7,High,8,2
59,1,28,8,1,7,High,8,2
59,1,47,2,0,2,High,2,8
78,4,1,8,1,7,High,8,0
78,4,11,8,1,7,High,8,0
78,4,14,8,1,7,High,8,0
78,4,21,8,1,7,High,8,0
78,4,28,8,1,7,High,8,0
78,4,47,5,0,5,High,5,3
107,2,1,2,0,2,Ambient,2,0
107,2,11,2,0,2,Ambient,2,0
107,2,14,2,0,2,Ambient,2,0
107,2,21,2,0,2,Ambient,2,0
107,2,28,2,0,2,Ambient,2,0
107,2,47,2,0,2,Ambient,2,0
216,2,1,4,0,4,Ambient,4,0
216,2,11,4,0,4,Ambient,4,0
216,2,14,4,0,4,Ambient,4,0
216,2,21,4,0,4,Ambient,4,0
216,2,28,4,0,4,Ambient,4,0
216,2,47,4,0,4,Ambient,4,0
223,2,1,7,1,6,Ambient,7,0
223,2,11,7,1,6,Ambient,7,0
223,2,14,7,1,6,Ambient,7,0
223,2,21,7,1,6,Ambient,7,0
223,2,28,7,1,6,Ambient,7,0
223,2,47,6,1,5,Ambient,6,1
225,4,1,7,1,6,High,7,0
225,4,11,7,2,6,High,7,0
225,4,14,7,2,6,High,7,0
225,4,21,7,2,6,High,7,0
225,4,28,7,2,5,High,7,0
225,4,47,6,1,5,High,6,1
226,3,1,2,0,2,Ambient,2,0
226,3,11,2,0,2,Ambient,2,0
226,3,14,2,0,2,Ambient,2,0
226,3,21,2,0,2,Ambient,2,0
226,3,28,2,0,2,Ambient,2,0
226,3,47,2,0,2,Ambient,2,0
231,4,1,2,0,2,High,2,0
231,4,11,1,0,1,High,1,1
231,4,14,1,0,1,High,1,1
231,4,21,1,0,1,High,1,1
231,4,28,1,0,1,High,1,1
231,4,47,1,0,1,High,1,1
232,1,1,6,0,6,High,6,0
232,1,11,6,0,6,High,6,0
232,1,14,6,0,6,High,6,0
232,1,21,6,0,6,High,6,0
232,1,28,6,0,6,High,6,0
232,1,47,3,0,3,High,3,3
233,4,1,8,1,7,High,8,0
233,4,11,8,1,7,High,8,0
233,4,14,8,1,7,High,8,0
233,4,21,8,1,7,High,8,0
233,4,28,8,1,7,High,8,0
233,4,47,4,0,4,High,4,4
242,3,1,0,0,0,Ambient,0,0
242,3,11,0,0,0,Ambient,0,0
242,3,14,0,0,0,Ambient,0,0
242,3,21,0,0,0,Ambient,0,0
242,3,28,0,0,0,Ambient,0,0
242,3,47,0,0,0,Ambient,0,0
248,1,1,0,0,0,High,0,0
248,1,11,0,0,0,High,0,0
248,1,14,0,0,0,High,0,0
248,1,21,0,0,0,High,0,0
248,1,28,0,0,0,High,0,0
248,1,47,0,0,0,High,0,0
250,1,1,7,0,7,High,7,0
250,1,11,7,0,7,High,7,0
250,1,14,7,0,7,High,7,0
250,1,21,4,0,4,High,4,3
250,1,28,3,0,3,High,3,4
250,1,47,3,0,3,High,3,4
253,2,1,2,0,2,Ambient,2,0
253,2,11,2,0,2,Ambient,2,0
253,2,14,2,0,2,Ambient,2,0
253,2,21,2,0,2,Ambient,2,0
253,2,28,2,0,2,Ambient,2,0
253,2,47,1,0,1,Ambient,1,1
256,4,1,4,0,4,High,4,0
256,4,11,4,0,4,High,4,0
256,4,14,4,0,4,High,4,0
256,4,21,4,0,4,High,4,0
256,4,28,3,0,3,High,3,1
256,4,47,2,0,2,High,2,2
267,4,1,3,0,3,High,3,0
267,4,11,2,0,2,High,2,1
267,4,14,2,0,2,High,2,1
267,4,21,2,0,2,High,2,1
267,4,28,2,0,2,High,2,1
267,4,47,1,0,1,High,1,2
285,2,1,3,0,3,Ambient,3,0
285,2,11,3,0,3,Ambient,3,0
285,2,14,3,0,3,Ambient,3,0
285,2,21,3,0,3,Ambient,3,0
285,2,28,3,0,3,Ambient,3,0
285,2,47,2,0,2,Ambient,2,1
299,4,1,1,0,1,High,1,0
299,4,11,1,0,1,High,1,0
299,4,14,1,0,1,High,1,0
299,4,21,1,0,1,High,1,0
299,4,28,1,0,1,High,1,0
299,4,47,0,0,0,High,0,1
301,2,1,3,0,3,Ambient,3,0
301,2,11,3,0,3,Ambient,3,0
301,2,14,3,0,3,Ambient,3,0
301,2,21,3,0,3,Ambient,3,0
301,2,28,3,0,3,Ambient,3,0
301,2,47,3,0,3,Ambient,3,0
303,1,1,3,0,3,High,3,0
303,1,11,3,0,3,High,3,0
303,1,14,3,0,3,High,3,0
303,1,21,3,0,3,High,3,0
303,1,28,3,0,3,High,3,0
303,1,47,1,0,1,High,1,2
307,2,1,9,1,8,Ambient,9,0
307,2,11,9,1,8,Ambient,9,0
307,2,14,9,1,8,Ambient,9,0
307,2,21,NA,NA,NA,Ambient,NA,NA
307,2,28,9,1,8,Ambient,9,0
307,2,47,8,1,7,Ambient,8,1
309,4,1,9,0,9,High,9,0
309,4,11,9,0,9,High,9,0
309,4,14,9,0,9,High,9,0
309,4,21,9,0,9,High,9,0
309,4,28,5,0,5,High,5,4
309,4,47,4,0,4,High,4,5
310,4,1,3,0,3,High,3,0
310,4,11,3,0,3,High,3,0
310,4,14,3,0,3,High,3,0
310,4,21,3,0,3,High,3,0
310,4,28,3,0,3,High,3,0
310,4,47,3,0,3,High,3,0
313,3,1,1,0,1,Ambient,1,0
313,3,11,1,0,1,Ambient,1,0
313,3,14,1,0,1,Ambient,1,0
313,3,21,1,0,1,Ambient,1,0
313,3,28,1,0,1,Ambient,1,0
313,3,47,1,0,1,Ambient,1,0
315,4,1,2,0,2,High,2,0
315,4,11,2,0,2,High,2,0
315,4,14,2,0,2,High,2,0
315,4,21,2,0,2,High,2,0
315,4,28,1,0,1,High,1,1
315,4,47,1,0,1,High,1,1
322,2,1,4,1,3,Ambient,4,0
322,2,11,4,2,2,Ambient,4,0
322,2,14,4,2,4,Ambient,4,0
322,2,21,4,2,2,Ambient,4,0
322,2,28,4,1,3,Ambient,4,0
322,2,47,2,0,2,Ambient,2,2
325,2,1,4,1,3,Ambient,4,0
325,2,11,4,1,3,Ambient,4,0
325,2,14,4,1,3,Ambient,4,0
325,2,21,3,1,2,Ambient,3,1
325,2,28,3,1,2,Ambient,3,1
325,2,47,3,1,2,Ambient,3,1
330,3,1,0,0,0,Ambient,0,0
330,3,11,0,0,0,Ambient,0,0
330,3,14,0,0,0,Ambient,0,0
330,3,21,0,0,0,Ambient,0,0
330,3,28,0,0,0,Ambient,0,0
330,3,47,0,0,0,Ambient,0,0
334,1,1,1,0,1,High,1,0
334,1,11,1,0,1,High,1,0
334,1,14,1,0,1,High,1,0
334,1,21,1,0,1,High,1,0
334,1,28,1,0,1,High,1,0
334,1,47,0,0,0,High,0,1
344,4,1,6,0,6,High,6,0
344,4,11,6,0,6,High,6,0
344,4,14,6,0,6,High,6,0
344,4,21,6,0,6,High,6,0
344,4,28,6,0,6,High,6,0
344,4,47,1,0,1,High,1,5
346,1,1,4,0,4,High,4,0
346,1,11,4,0,4,High,4,0
346,1,14,4,0,4,High,4,0
346,1,21,4,0,4,High,4,0
346,1,28,2,0,2,High,2,2
346,1,47,0,0,0,High,0,4
351,1,1,2,0,2,High,2,0
351,1,11,2,0,2,High,2,0
351,1,14,2,0,2,High,2,0
351,1,21,2,0,2,High,2,0
351,1,28,NA,NA,NA,High,NA,NA
351,1,47,2,0,2,High,2,0
353,1,1,1,0,1,High,1,0
353,1,11,1,0,1,High,1,0
353,1,14,1,0,1,High,1,0
353,1,21,1,0,1,High,1,0
353,1,28,1,0,1,High,1,0
353,1,47,1,0,1,High,1,0
357,3,1,0,0,0,Ambient,0,0
357,3,11,0,0,0,Ambient,0,0
357,3,14,0,0,0,Ambient,0,0
357,3,21,0,0,0,Ambient,0,0
357,3,28,0,0,0,Ambient,0,0
357,3,47,0,0,0,Ambient,0,0
360,4,1,6,0,6,High,6,0
360,4,11,6,0,6,High,6,0
360,4,14,6,0,6,High,6,0
360,4,21,6,0,6,High,6,0
360,4,28,6,0,6,High,6,0
360,4,47,2,0,2,High,2,4
404,3,1,1,0,1,Ambient,1,0
404,3,11,1,0,1,Ambient,1,0
404,3,14,1,0,1,Ambient,1,0
404,3,21,1,0,1,Ambient,1,0
404,3,28,1,0,1,Ambient,1,0
404,3,47,1,0,1,Ambient,1,0
414,3,1,10,0,10,Ambient,10,0
414,3,11,10,0,10,Ambient,10,0
414,3,14,9,0,9,Ambient,9,1
414,3,21,8,0,8,Ambient,8,2
414,3,28,8,0,8,Ambient,8,2
414,3,47,8,0,8,Ambient,8,2
434,3,1,0,0,0,Ambient,0,0
434,3,11,0,0,0,Ambient,0,0
434,3,14,0,0,0,Ambient,0,0
434,3,21,0,0,0,Ambient,0,0
434,3,28,0,0,0,Ambient,0,0
434,3,47,0,0,0,Ambient,0,0
435,2,1,7,1,6,Ambient,7,0
435,2,11,5,0,5,Ambient,5,2
435,2,14,5,0,5,Ambient,5,2
435,2,21,7,0,7,Ambient,7,0
435,2,28,7,0,7,Ambient,7,0
435,2,47,6,0,6,Ambient,6,1
436,4,1,0,0,0,High,0,0
436,4,11,0,0,0,High,0,0
436,4,14,0,0,0,High,0,0
436,4,21,0,0,0,High,0,0
436,4,28,0,0,0,High,0,0
436,4,47,0,0,0,High,0,0
439,3,1,6,1,5,Ambient,6,0
439,3,11,6,1,5,Ambient,6,0
439,3,14,6,1,5,Ambient,6,0
439,3,21,6,1,5,Ambient,6,0
439,3,28,5,0,5,Ambient,5,1
439,3,47,5,0,5,Ambient,5,1
442,3,1,4,1,3,Ambient,4,0
442,3,11,4,1,3,Ambient,4,0
442,3,14,4,1,3,Ambient,4,0
442,3,21,4,1,3,Ambient,4,0
442,3,28,4,1,3,Ambient,4,0
442,3,47,4,1,3,Ambient,4,0
453,3,1,1,0,1,Ambient,1,0
453,3,11,1,0,1,Ambient,1,0
453,3,14,1,0,1,Ambient,1,0
453,3,21,1,0,1,Ambient,1,0
453,3,28,1,0,1,Ambient,1,0
453,3,47,1,0,1,Ambient,1,0
459,2,1,2,0,2,Ambient,2,0
459,2,11,2,0,2,Ambient,2,0
459,2,14,2,0,2,Ambient,2,0
459,2,21,2,0,2,Ambient,2,0
459,2,28,2,0,2,Ambient,2,0
459,2,47,1,0,1,Ambient,1,1
468,4,1,7,3,4,High,7,0
468,4,11,7,3,4,High,7,0
468,4,14,7,3,4,High,7,0
468,4,21,7,3,4,High,7,0
468,4,28,7,3,4,High,7,0
468,4,47,4,1,3,High,4,3
469,1,1,12,2,10,High,12,0
469,1,11,12,3,9,High,12,0
469,1,14,11,3,8,High,11,1
469,1,21,11,3,8,High,11,1
469,1,28,11,3,8,High,11,1
469,1,47,4,0,4,High,4,8
484,3,1,1,0,1,Ambient,1,0
484,3,11,1,0,1,Ambient,1,0
484,3,14,1,0,1,Ambient,1,0
484,3,21,1,0,1,Ambient,1,0
484,3,28,1,0,1,Ambient,1,0
484,3,47,0,0,0,Ambient,0,1
487,4,1,2,0,2,High,2,0
487,4,11,2,0,2,High,2,0
487,4,14,2,0,2,High,2,0
487,4,21,2,0,2,High,2,0
487,4,28,2,0,2,High,2,0
487,4,47,2,0,2,High,2,0
495,1,1,3,0,3,High,3,0
495,1,11,3,0,3,High,3,0
495,1,14,3,0,3,High,3,0
495,1,21,3,0,3,High,3,0
495,1,28,2,0,2,High,2,1
495,1,47,2,0,2,High,2,1
503,3,1,2,0,2,Ambient,2,0
503,3,11,2,0,2,Ambient,2,0
503,3,14,2,0,2,Ambient,2,0
503,3,21,2,0,2,Ambient,2,0
503,3,28,2,0,2,Ambient,2,0
503,3,47,2,0,2,Ambient,2,0
506,3,1,12,1,11,Ambient,12,0
506,3,11,12,1,11,Ambient,12,0
506,3,14,12,1,11,Ambient,12,0
506,3,21,12,1,11,Ambient,12,0
506,3,28,12,2,10,Ambient,12,0
506,3,47,10,0,10,Ambient,10,2
508,1,1,7,0,7,High,7,0
508,1,11,7,0,7,High,7,0
508,1,14,7,0,7,High,7,0
508,1,21,7,0,7,High,7,0
508,1,28,7,0,7,High,7,0
508,1,47,4,0,4,High,4,3
514,4,1,0,0,0,High,0,0
514,4,11,0,0,0,High,0,0
514,4,14,0,0,0,High,0,0
514,4,21,0,0,0,High,0,0
514,4,28,0,0,0,High,0,0
514,4,47,0,0,0,High,0,0
515,4,1,1,0,1,High,1,0
515,4,11,1,0,1,High,1,0
515,4,14,1,0,1,High,1,0
515,4,21,1,0,1,High,1,0
515,4,28,1,0,1,High,1,0
515,4,47,1,0,1,High,1,0
517,3,1,4,1,3,Ambient,4,0
517,3,11,4,1,3,Ambient,4,0
517,3,14,4,1,3,Ambient,4,0
517,3,21,4,1,3,Ambient,4,0
517,3,28,4,0,4,Ambient,4,0
517,3,47,4,0,4,Ambient,4,0
519,2,1,9,2,7,Ambient,9,0
519,2,11,9,2,7,Ambient,9,0
519,2,14,9,2,7,Ambient,9,0
519,2,21,9,2,7,Ambient,9,0
519,2,28,10,2,8,Ambient,9,0
519,2,47,9,1,8,Ambient,9,0
521,3,1,3,1,2,Ambient,3,0
521,3,11,3,1,2,Ambient,3,0
521,3,14,3,1,2,Ambient,3,0
521,3,21,3,1,2,Ambient,3,0
521,3,28,3,0,3,Ambient,3,0
521,3,47,2,1,1,Ambient,2,1
522,3,1,3,0,3,Ambient,3,0
522,3,11,3,0,3,Ambient,3,0
522,3,14,3,0,3,Ambient,3,0
522,3,21,3,0,3,Ambient,3,0
522,3,28,3,0,3,Ambient,3,0
522,3,47,2,0,2,Ambient,2,1
525,4,1,3,0,3,High,3,0
525,4,11,3,0,3,High,3,0
525,4,14,3,0,3,High,3,0
525,4,21,3,0,3,High,3,0
525,4,28,3,0,3,High,3,0
525,4,47,3,0,3,High,3,0
526,3,1,26,2,24,Ambient,26,0
526,3,11,26,2,24,Ambient,26,0
526,3,14,26,2,24,Ambient,26,0
526,3,21,26,2,24,Ambient,26,0
526,3,28,24,2,22,Ambient,24,2
526,3,47,22,2,20,Ambient,22,4
527,1,1,9,1,8,High,9,0
527,1,11,9,1,8,High,9,0
527,1,14,9,1,8,High,9,0
527,1,21,9,1,8,High,9,0
527,1,28,9,1,8,High,9,0
527,1,47,5,0,5,High,5,4
529,2,1,6,0,6,Ambient,6,0
529,2,11,5,0,5,Ambient,5,1
529,2,14,5,0,5,Ambient,5,1
529,2,21,5,0,5,Ambient,5,1
529,2,28,5,0,5,Ambient,5,1
529,2,47,4,0,4,Ambient,4,2
535,1,1,3,0,3,High,3,0
535,1,11,3,0,3,High,3,0
535,1,14,3,0,3,High,3,0
535,1,21,3,0,3,High,3,0
535,1,28,3,0,3,High,3,0
535,1,47,2,0,2,High,2,1
536,4,1,2,1,1,High,2,0
536,4,11,2,1,1,High,2,0
536,4,14,2,1,1,High,2,0
536,4,21,2,1,1,High,2,0
536,4,28,2,1,1,High,2,0
536,4,47,1,1,0,High,1,1
537,1,1,2,1,1,High,2,0
537,1,11,2,1,1,High,2,0
537,1,14,2,1,1,High,2,0
537,1,21,2,1,1,High,2,0
537,1,28,2,1,1,High,2,0
537,1,47,1,0,1,High,1,1
538,2,1,20,3,17,Ambient,20,0
538,2,11,20,3,17,Ambient,20,0
538,2,14,20,3,17,Ambient,20,0
538,2,21,19,4,15,Ambient,19,1
538,2,28,19,4,5,Ambient,19,1
538,2,47,19,4,15,Ambient,19,1
541,2,1,15,4,11,Ambient,15,0
541,2,11,13,5,8,Ambient,13,2
541,2,14,13,5,8,Ambient,13,2
541,2,21,13,5,8,Ambient,13,2
541,2,28,13,5,8,Ambient,13,2
541,2,47,12,4,8,Ambient,12,3
542,3,1,2,0,2,Ambient,2,0
542,3,11,2,0,2,Ambient,2,0
542,3,14,2,0,2,Ambient,2,0
542,3,21,2,0,2,Ambient,2,0
542,3,28,2,0,2,Ambient,2,0
542,3,47,2,0,2,Ambient,2,0
543,3,1,8,2,6,Ambient,8,0
543,3,11,8,2,6,Ambient,8,0
543,3,14,8,3,5,Ambient,8,0
543,3,21,8,3,5,Ambient,8,0
543,3,28,8,3,5,Ambient,8,0
543,3,47,7,2,5,Ambient,7,1
545,2,1,7,0,7,Ambient,7,0
545,2,11,7,0,7,Ambient,7,0
545,2,14,7,0,7,Ambient,7,0
545,2,21,7,0,7,Ambient,7,0
545,2,28,7,0,7,Ambient,7,0
545,2,47,7,0,7,Ambient,7,0
548,4,1,9,1,8,High,9,0
548,4,11,9,1,8,High,9,0
548,4,14,9,1,8,High,9,0
548,4,21,9,1,8,High,9,0
548,4,28,9,1,8,High,9,0
548,4,47,9,1,8,High,9,0
549,1,1,6,1,5,High,6,0
549,1,11,6,1,5,High,6,0
549,1,14,6,1,5,High,6,0
549,1,21,6,1,6,High,6,0
549,1,28,6,1,5,High,6,0
549,1,47,3,0,3,High,3,3
551,2,1,4,0,4,Ambient,4,0
551,2,11,4,0,4,Ambient,4,0
551,2,14,4,0,4,Ambient,4,0
551,2,21,4,0,4,Ambient,4,0
551,2,28,3,0,3,Ambient,3,1
551,2,47,3,0,3,Ambient,3,1
557,1,1,1,1,0,High,1,0
557,1,11,1,1,0,High,1,0
557,1,14,1,1,0,High,1,0
557,1,21,1,1,0,High,1,0
557,1,28,1,1,0,High,1,0
557,1,47,1,1,0,High,1,0
559,4,1,15,4,11,High,15,0
559,4,11,15,4,11,High,15,0
559,4,14,14,4,7,High,14,1
559,4,21,12,3,9,High,12,3
559,4,28,11,3,8,High,11,4
559,4,47,4,2,2,High,4,11
560,2,1,2,0,2,Ambient,2,0
560,2,11,2,0,2,Ambient,2,0
560,2,14,2,0,2,Ambient,2,0
560,2,21,2,0,2,Ambient,2,0
560,2,28,2,0,2,Ambient,2,0
560,2,47,2,0,2,Ambient,2,0
563,3,1,1,0,1,Ambient,1,0
563,3,11,1,0,1,Ambient,1,0
563,3,14,1,0,1,Ambient,1,0
563,3,21,1,0,1,Ambient,1,0
563,3,28,1,0,1,Ambient,1,0
563,3,47,1,0,1,Ambient,1,0
564,4,1,1,0,1,High,1,0
564,4,11,1,0,1,High,1,0
564,4,14,1,0,1,High,1,0
564,4,21,1,0,1,High,1,0
564,4,28,1,0,1,High,1,0
564,4,47,0,0,0,High,0,1
565,4,1,3,0,3,High,3,0
565,4,11,3,0,3,High,3,0
565,4,14,3,0,3,High,3,0
565,4,21,3,0,3,High,3,0
565,4,28,3,0,3,High,3,0
565,4,47,2,0,2,High,2,1
566,4,1,0,0,0,High,0,0
566,4,11,0,0,0,High,0,0
566,4,14,0,0,0,High,0,0
566,4,21,0,0,0,High,0,0
566,4,28,0,0,0,High,0,0
566,4,47,0,0,0,High,0,0
568,2,1,9,0,9,Ambient,9,0
568,2,11,9,0,9,Ambient,9,0
568,2,14,9,0,9,Ambient,9,0
568,2,21,8,0,8,Ambient,8,1
568,2,28,8,0,8,Ambient,8,1
568,2,47,8,0,8,Ambient,8,1
569,3,1,1,0,1,Ambient,1,0
569,3,11,1,0,1,Ambient,1,0
569,3,14,1,0,1,Ambient,1,0
569,3,21,1,0,1,Ambient,1,0
569,3,28,1,0,1,Ambient,1,0
569,3,47,1,0,1,Ambient,1,0
573,3,1,7,0,7,Ambient,7,0
573,3,11,6,1,5,Ambient,6,1
573,3,14,6,1,5,Ambient,6,1
573,3,21,6,1,5,Ambient,6,1
573,3,28,6,1,5,Ambient,6,1
573,3,47,5,1,4,Ambient,5,2
576,4,1,17,2,15,High,17,0
576,4,11,16,3,13,High,16,1
576,4,14,16,3,13,High,16,1
576,4,21,16,3,13,High,16,1
576,4,28,14,5,9,High,14,3
576,4,47,8,2,6,High,8,9
578,3,1,3,0,3,Ambient,3,0
578,3,11,3,0,3,Ambient,3,0
578,3,14,3,0,3,Ambient,3,0
578,3,21,3,0,3,Ambient,3,0
578,3,28,3,0,3,Ambient,3,0
578,3,47,3,0,3,Ambient,3,0
579,4,1,3,0,3,High,3,0
579,4,11,3,0,3,High,3,0
579,4,14,3,0,3,High,3,0
579,4,21,3,0,3,High,3,0
579,4,28,3,0,3,High,3,0
579,4,47,2,0,2,High,2,1
583,2,1,2,1,1,Ambient,2,0
583,2,11,2,1,1,Ambient,2,0
583,2,14,2,1,1,Ambient,2,0
583,2,21,2,1,1,Ambient,2,0
583,2,28,2,1,1,Ambient,2,0
583,2,47,2,1,1,Ambient,2,0
585,3,1,3,0,3,Ambient,3,0
585,3,11,3,0,3,Ambient,3,0
585,3,14,3,0,3,Ambient,3,0
585,3,21,3,0,3,Ambient,3,0
585,3,28,2,0,2,Ambient,2,1
585,3,47,2,0,2,Ambient,2,1
589,1,1,3,0,3,High,3,0
589,1,11,3,0,3,High,3,0
589,1,14,3,0,3,High,3,0
589,1,21,3,0,3,High,3,0
589,1,28,3,0,3,High,3,0
589,1,47,1,0,1,High,1,2
591,1,1,3,0,3,High,3,0
591,1,11,3,0,3,High,3,0
591,1,14,3,0,3,High,3,0
591,1,21,3,0,3,High,3,0
591,1,28,3,0,3,High,3,0
591,1,47,2,0,2,High,2,1
592,4,1,2,0,2,High,2,0
592,4,11,2,0,2,High,2,0
592,4,14,2,0,2,High,2,0
592,4,21,2,0,2,High,2,0
592,4,28,2,0,2,High,2,0
592,4,47,1,0,1,High,1,1
593,1,1,7,1,6,High,7,0
593,1,11,7,1,6,High,7,0
593,1,14,7,1,6,High,7,0
593,1,21,7,1,6,High,7,0
593,1,28,7,1,6,High,7,0
593,1,47,5,0,5,High,5,2
595,4,1,6,0,6,High,6,0
595,4,11,6,0,6,High,6,0
595,4,14,6,0,6,High,6,0
595,4,21,6,0,6,High,6,0
595,4,28,5,0,5,High,5,1
595,4,47,3,0,3,High,3,3
596,2,1,5,0,5,Ambient,5,0
596,2,11,5,0,5,Ambient,5,0
596,2,14,5,0,5,Ambient,5,0
596,2,21,5,0,5,Ambient,5,0
596,2,28,5,0,5,Ambient,5,0
596,2,47,5,0,5,Ambient,5,0
598,1,1,5,0,5,High,5,0
598,1,11,5,0,5,High,5,0
598,1,14,5,0,5,High,5,0
598,1,21,5,0,5,High,5,0
598,1,28,5,0,5,High,5,0
598,1,47,1,0,1,High,1,4
600,2,1,9,2,3,Ambient,9,0
600,2,11,5,2,3,Ambient,5,4
600,2,14,5,2,3,Ambient,5,4
600,2,21,NA,NA,NA,Ambient,NA,NA
600,2,28,NA,NA,NA,Ambient,NA,NA
600,2,47,NA,NA,NA,Ambient,NA,NA
601,2,1,13,1,11,Ambient,13,0
601,2,11,13,1,11,Ambient,13,0
601,2,14,12,1,11,Ambient,12,1
601,2,21,10,2,8,Ambient,10,3
601,2,28,9,2,7,Ambient,9,4
601,2,47,9,2,7,Ambient,9,4
603,2,1,15,3,12,Ambient,15,0
603,2,11,15,3,12,Ambient,15,0
603,2,14,15,4,11,Ambient,15,0
603,2,21,15,4,11,Ambient,15,0
603,2,28,15,4,11,Ambient,15,0
603,2,47,15,4,11,Ambient,15,0
604,3,1,3,0,3,Ambient,3,0
604,3,11,3,0,3,Ambient,3,0
604,3,14,2,0,2,Ambient,2,1
604,3,21,2,0,2,Ambient,2,1
604,3,28,2,0,2,Ambient,2,1
604,3,47,2,0,2,Ambient,2,1
608,4,1,9,0,9,High,9,0
608,4,11,9,0,9,High,9,0
608,4,14,9,0,9,High,9,0
608,4,21,9,0,9,High,9,0
608,4,28,9,0,9,High,9,0
608,4,47,4,0,4,High,4,5
609,2,1,7,1,6,Ambient,7,0
609,2,11,7,1,6,Ambient,7,0
609,2,14,7,1,6,Ambient,7,0
609,2,21,7,1,6,Ambient,7,0
609,2,28,7,1,6,Ambient,7,0
609,2,47,7,1,6,Ambient,7,0
610,4,1,6,0,6,High,6,0
610,4,11,6,0,6,High,6,0
610,4,14,6,0,6,High,6,0
610,4,21,6,0,6,High,6,0
610,4,28,5,0,5,High,5,1
610,4,47,4,0,4,High,4,2
612,1,1,1,0,1,High,1,0
612,1,11,1,0,1,High,1,0
612,1,14,1,0,1,High,1,0
612,1,21,1,0,1,High,1,0
612,1,28,1,0,1,High,1,0
612,1,47,1,0,1,High,1,0
617,1,1,2,1,1,High,2,0
617,1,11,2,1,1,High,2,0
617,1,14,2,1,1,High,2,0
617,1,21,2,1,1,High,2,0
617,1,28,2,1,1,High,2,0
617,1,47,2,1,1,High,2,0
620,2,1,6,0,6,Ambient,6,0
620,2,11,6,0,6,Ambient,6,0
620,2,14,6,0,6,Ambient,6,0
620,2,21,6,0,6,Ambient,6,0
620,2,28,5,0,5,Ambient,5,1
620,2,47,5,0,5,Ambient,5,1
629,2,1,12,4,8,Ambient,12,0
629,2,11,12,4,8,Ambient,12,0
629,2,14,12,4,8,Ambient,12,0
629,2,21,12,4,8,Ambient,12,0
629,2,28,12,4,8,Ambient,12,0
629,2,47,12,3,9,Ambient,12,0
630,3,1,9,1,8,Ambient,9,0
630,3,11,9,1,8,Ambient,9,0
630,3,14,9,1,8,Ambient,9,0
630,3,21,9,1,8,Ambient,9,0
630,3,28,9,1,8,Ambient,9,0
630,3,47,8,0,8,Ambient,8,1
631,2,1,1,0,1,Ambient,1,0
631,2,11,1,0,1,Ambient,1,0
631,2,14,1,0,1,Ambient,1,0
631,2,21,1,0,1,Ambient,1,0
631,2,28,1,0,1,Ambient,1,0
631,2,47,1,0,1,Ambient,1,0
632,2,1,11,0,11,Ambient,11,0
632,2,11,11,0,11,Ambient,11,0
632,2,14,11,0,11,Ambient,11,0
632,2,21,11,0,11,Ambient,11,0
632,2,28,11,0,11,Ambient,11,0
632,2,47,10,0,10,Ambient,10,1
634,1,1,10,0,10,High,10,0
634,1,11,10,0,10,High,10,0
634,1,14,10,0,10,High,10,0
634,1,21,10,0,10,High,10,0
634,1,28,8,0,8,High,8,2
634,1,47,3,0,3,High,3,7
637,1,1,3,0,3,High,3,0
637,1,11,3,0,3,High,3,0
637,1,14,3,0,3,High,3,0
637,1,21,3,0,3,High,3,0
637,1,28,2,0,2,High,2,1
637,1,47,2,0,2,High,2,1
638,2,1,4,0,4,Ambient,4,0
638,2,11,4,0,4,Ambient,4,0
638,2,14,4,0,4,Ambient,4,0
638,2,21,4,0,4,Ambient,4,0
638,2,28,4,0,4,Ambient,4,0
638,2,47,NA,NA,NA,Ambient,NA,NA
640,3,1,2,0,2,Ambient,2,0
640,3,11,2,0,2,Ambient,2,0
640,3,14,2,0,2,Ambient,2,0
640,3,21,2,0,2,Ambient,2,0
640,3,28,2,0,2,Ambient,2,0
640,3,47,2,0,2,Ambient,2,0
641,4,1,2,0,2,High,2,0
641,4,11,2,0,2,High,2,0
641,4,14,2,0,2,High,2,0
641,4,21,2,0,2,High,2,0
641,4,28,2,0,2,High,2,0
641,4,47,1,0,1,High,1,1
642,2,1,4,2,2,Ambient,4,0
642,2,11,4,2,2,Ambient,4,0
642,2,14,4,2,2,Ambient,4,0
642,2,21,4,2,2,Ambient,4,0
642,2,28,4,2,2,Ambient,4,0
642,2,47,4,2,2,Ambient,4,0
645,4,1,2,0,2,High,2,0
645,4,11,2,0,2,High,2,0
645,4,14,2,0,2,High,2,0
645,4,21,2,0,2,High,2,0
645,4,28,2,0,2,High,2,0
645,4,47,1,0,1,High,1,1
647,3,1,6,2,4,Ambient,6,0
647,3,11,6,2,4,Ambient,6,0
647,3,14,5,2,3,Ambient,5,1
647,3,21,5,2,3,Ambient,5,1
647,3,28,5,2,3,Ambient,5,1
647,3,47,5,2,3,Ambient,5,1
659,1,1,3,0,3,High,3,0
659,1,11,3,0,3,High,3,0
659,1,14,3,0,3,High,3,0
659,1,21,3,0,3,High,3,0
659,1,28,1,0,1,High,1,2
659,1,47,1,0,1,High,1,2
662,3,1,12,2,10,Ambient,12,0
662,3,11,12,2,10,Ambient,12,0
662,3,14,12,2,10,Ambient,12,0
662,3,21,12,2,10,Ambient,12,0
662,3,28,12,2,10,Ambient,12,0
662,3,47,12,2,10,Ambient,12,0
663,2,1,11,1,10,Ambient,11,0
663,2,11,11,1,10,Ambient,11,0
663,2,14,11,1,10,Ambient,11,0
663,2,21,11,1,10,Ambient,11,0
663,2,28,10,2,8,Ambient,10,1
663,2,47,9,1,8,Ambient,9,2
665,4,1,19,6,13,High,19,0
665,4,11,19,6,13,High,19,0
665,4,14,19,6,13,High,19,0
665,4,21,15,5,10,High,15,4
665,4,28,14,5,9,High,14,5
665,4,47,10,3,7,High,10,9
669,2,1,10,1,9,Ambient,10,0
669,2,11,9,1,8,Ambient,9,1
669,2,14,8,1,7,Ambient,8,2
669,2,21,8,1,7,Ambient,8,2
669,2,28,8,1,7,Ambient,8,2
669,2,47,8,1,7,Ambient,8,2
671,2,1,8,2,6,Ambient,8,0
671,2,11,8,2,6,Ambient,8,0
671,2,14,8,2,6,Ambient,8,0
671,2,21,8,2,6,Ambient,8,0
671,2,28,8,2,6,Ambient,8,0
671,2,47,8,2,6,Ambient,8,0
679,3,1,1,0,1,Ambient,1,0
679,3,11,0,0,0,Ambient,0,1
679,3,14,0,0,0,Ambient,0,1
679,3,21,0,0,0,Ambient,0,1
679,3,28,0,0,0,Ambient,0,1
679,3,47,0,0,0,Ambient,0,1
682,1,1,3,0,3,High,3,0
682,1,11,3,0,3,High,3,0
682,1,14,3,0,3,High,3,0
682,1,21,3,0,3,High,3,0
682,1,28,3,0,3,High,3,0
682,1,47,2,0,2,High,2,1
786,1,1,6,1,5,High,6,0
786,1,11,6,1,5,High,6,0
786,1,14,6,1,5,High,6,0
786,1,21,5,1,4,High,5,1
786,1,28,5,1,4,High,5,1
786,1,47,4,1,3,High,4,2
788,3,1,2,0,2,Ambient,2,0
788,3,11,2,0,2,Ambient,2,0
788,3,14,2,0,2,Ambient,2,0
788,3,21,2,0,2,Ambient,2,0
788,3,28,2,0,2,Ambient,2,0
788,3,47,1,0,1,Ambient,1,1
790,2,1,16,2,14,Ambient,16,0
790,2,11,16,2,14,Ambient,16,0
790,2,14,16,2,14,Ambient,16,0
790,2,21,13,2,11,Ambient,13,3
790,2,28,13,2,11,Ambient,13,3
790,2,47,11,2,9,Ambient,11,5
792,1,1,4,1,3,High,4,0
792,1,11,4,1,3,High,4,0
792,1,14,4,1,3,High,4,0
792,1,21,4,1,3,High,4,0
792,1,28,4,1,3,High,4,0
792,1,47,1,0,1,High,1,3
794,2,1,4,0,4,Ambient,4,0
794,2,11,4,0,4,Ambient,4,0
794,2,14,3,0,3,Ambient,3,1
794,2,21,3,0,3,Ambient,3,1
794,2,28,3,0,3,Ambient,3,1
794,2,47,2,0,2,Ambient,2,2
796,3,1,3,1,2,Ambient,3,0
796,3,11,3,1,2,Ambient,3,0
796,3,14,3,1,2,Ambient,3,0
796,3,21,3,1,2,Ambient,3,0
796,3,28,3,1,2,Ambient,3,0
796,3,47,3,1,2,Ambient,3,0
802,1,1,5,0,5,High,5,0
802,1,11,5,0,5,High,5,0
802,1,14,5,0,5,High,5,0
802,1,21,5,0,5,High,5,0
802,1,28,5,0,5,High,5,0
802,1,47,3,0,3,High,3,2
804,4,1,7,0,7,High,7,0
804,4,11,7,0,7,High,7,0
804,4,14,7,0,7,High,7,0
804,4,21,7,0,7,High,7,0
804,4,28,7,0,7,High,7,0
804,4,47,6,1,5,High,6,1
806,1,1,0,0,0,High,0,0
806,1,11,0,0,0,High,0,0
806,1,14,0,0,0,High,0,0
806,1,21,0,0,0,High,0,0
806,1,28,0,0,0,High,0,0
806,1,47,0,0,0,High,0,0
810,2,1,5,1,4,Ambient,5,0
810,2,11,5,1,4,Ambient,5,0
810,2,14,5,1,4,Ambient,5,0
810,2,21,5,1,4,Ambient,5,0
810,2,28,5,1,4,Ambient,5,0
810,2,47,5,1,4,Ambient,5,0
812,2,1,4,0,4,Ambient,4,0
812,2,11,4,0,4,Ambient,4,0
812,2,14,4,0,4,Ambient,4,0
812,2,21,4,0,4,Ambient,4,0
812,2,28,4,0,4,Ambient,4,0
812,2,47,4,0,4,Ambient,4,0
816,4,1,14,0,14,High,14,0
816,4,11,14,1,13,High,14,0
816,4,14,14,1,13,High,14,0
816,4,21,14,1,13,High,14,0
816,4,28,14,1,13,High,14,0
816,4,47,10,1,9,High,10,4
817,2,1,9,1,8,Ambient,9,0
817,2,11,8,0,8,Ambient,8,1
817,2,14,7,0,7,Ambient,7,2
817,2,21,7,0,7,Ambient,7,2
817,2,28,7,0,7,Ambient,7,2
817,2,47,7,0,7,Ambient,7,2
819,1,1,8,3,5,High,8,0
819,1,11,8,3,5,High,8,0
819,1,14,8,3,5,High,8,0
819,1,21,8,3,5,High,8,0
819,1,28,8,3,5,High,8,0
819,1,47,7,2,5,High,7,1
820,2,1,5,0,5,Ambient,5,0
820,2,11,5,0,5,Ambient,5,0
820,2,14,5,0,5,Ambient,5,0
820,2,21,5,0,5,Ambient,5,0
820,2,28,5,0,5,Ambient,5,0
820,2,47,5,0,5,Ambient,5,0
821,1,1,7,0,7,High,7,0
821,1,11,7,0,7,High,7,0
821,1,14,7,0,7,High,7,0
821,1,21,7,0,7,High,7,0
821,1,28,3,0,3,High,3,4
821,1,47,2,0,2,High,2,5
824,2,1,3,0,3,Ambient,3,0
824,2,11,3,0,3,Ambient,3,0
824,2,14,3,0,3,Ambient,3,0
824,2,21,3,0,3,Ambient,3,0
824,2,28,2,0,2,Ambient,2,1
824,2,47,1,0,1,Ambient,1,2
825,4,1,0,0,0,High,0,0
825,4,11,0,0,0,High,0,0
825,4,14,0,0,0,High,0,0
825,4,21,0,0,0,High,0,0
825,4,28,0,0,0,High,0,0
825,4,47,0,0,0,High,0,0
826,1,1,6,1,5,High,6,0
826,1,11,6,1,5,High,6,0
826,1,14,6,1,6,High,6,0
826,1,21,6,1,6,High,6,0
826,1,28,6,1,6,High,6,0
826,1,47,4,1,3,High,4,2
829,1,1,8,1,7,High,8,0
829,1,11,8,1,7,High,8,0
829,1,14,8,1,7,High,8,0
829,1,21,8,1,7,High,8,0
829,1,28,6,1,5,High,6,2
829,1,47,5,1,4,High,5,3
831,3,1,12,1,11,Ambient,12,0
831,3,11,12,1,11,Ambient,12,0
831,3,14,12,1,11,Ambient,12,0
831,3,21,12,1,11,Ambient,12,0
831,3,28,12,1,11,Ambient,12,0
831,3,47,11,1,10,Ambient,11,1
832,2,1,18,3,15,Ambient,18,0
832,2,11,18,3,15,Ambient,18,0
832,2,14,18,3,15,Ambient,18,0
832,2,21,18,3,15,Ambient,18,0
832,2,28,18,3,5,Ambient,18,0
832,2,47,16,2,14,Ambient,16,2
833,3,1,12,0,12,Ambient,12,0
833,3,11,12,0,12,Ambient,12,0
833,3,14,12,0,12,Ambient,12,0
833,3,21,12,0,12,Ambient,12,0
833,3,28,12,0,12,Ambient,12,0
833,3,47,12,0,12,Ambient,12,0
836,4,1,16,4,12,High,16,0
836,4,11,15,5,10,High,15,1
836,4,14,15,5,10,High,15,1
836,4,21,15,5,10,High,15,1
836,4,28,15,5,10,High,15,1
836,4,47,6,2,4,High,6,10
837,2,1,9,0,9,Ambient,9,0
837,2,11,9,0,9,Ambient,9,0
837,2,14,9,0,9,Ambient,9,0
837,2,21,9,0,9,Ambient,9,0
837,2,28,9,0,9,Ambient,9,0
837,2,47,7,0,7,Ambient,7,2
839,1,1,5,0,5,High,5,0
839,1,11,5,0,5,High,5,0
839,1,14,5,0,5,High,5,0
839,1,21,5,0,5,High,5,0
839,1,28,5,0,5,High,5,0
839,1,47,3,0,3,High,3,2
840,3,1,0,0,0,Ambient,0,0
840,3,11,0,0,0,Ambient,0,0
840,3,14,0,0,0,Ambient,0,0
840,3,21,0,0,0,Ambient,0,0
840,3,28,0,0,0,Ambient,0,0
840,3,47,0,0,0,Ambient,0,0
841,3,1,9,0,9,Ambient,9,0
841,3,11,9,0,9,Ambient,9,0
841,3,14,9,0,9,Ambient,9,0
841,3,21,9,0,9,Ambient,9,0
841,3,28,9,0,9,Ambient,9,0
841,3,47,9,0,9,Ambient,9,0
843,3,1,2,0,2,Ambient,2,0
843,3,11,2,0,2,Ambient,2,0
843,3,14,2,0,2,Ambient,2,0
843,3,21,2,0,2,Ambient,2,0
843,3,28,2,0,2,Ambient,2,0
843,3,47,2,0,2,Ambient,2,0
844,4,1,4,1,3,High,4,0
844,4,11,4,1,3,High,4,0
844,4,14,4,1,3,High,4,0
844,4,21,4,1,3,High,4,0
844,4,28,4,1,3,High,4,0
844,4,47,2,1,1,High,2,2
845,4,1,5,1,4,High,5,0
845,4,11,4,2,2,High,4,1
845,4,14,4,2,2,High,4,1
845,4,21,4,2,2,High,4,1
845,4,28,4,2,2,High,4,1
845,4,47,NA,NA,NA,High,NA,NA
847,3,1,11,0,11,Ambient,11,0
847,3,11,11,0,11,Ambient,11,0
847,3,14,11,0,11,Ambient,11,0
847,3,21,11,0,11,Ambient,11,0
847,3,28,11,0,11,Ambient,11,0
847,3,47,10,0,10,Ambient,10,1
849,3,1,2,0,2,Ambient,2,0
849,3,11,2,0,2,Ambient,2,0
849,3,14,2,0,2,Ambient,2,0
849,3,21,2,0,2,Ambient,2,0
849,3,28,2,0,2,Ambient,2,0
849,3,47,2,0,2,Ambient,2,0
850,1,1,3,0,3,High,3,0
850,1,11,3,0,3,High,3,0
850,1,14,3,0,3,High,3,0
850,1,21,2,0,2,High,2,1
850,1,28,NA,NA,NA,High,NA,NA
850,1,47,2,0,2,High,2,1
854,3,1,0,0,0,Ambient,0,0
854,3,11,0,0,0,Ambient,0,0
854,3,14,0,0,0,Ambient,0,0
854,3,21,0,0,0,Ambient,0,0
854,3,28,0,0,0,Ambient,0,0
854,3,47,0,0,0,Ambient,0,0
856,1,1,6,0,6,High,6,0
856,1,11,6,0,6,High,6,0
856,1,14,6,0,6,High,6,0
856,1,21,6,0,6,High,6,0
856,1,28,6,0,6,High,6,0
856,1,47,4,0,4,High,4,2
857,4,1,15,1,14,High,15,0
857,4,11,15,1,14,High,15,0
857,4,14,13,2,11,High,13,2
857,4,21,13,2,11,High,13,2
857,4,28,13,2,11,High,13,2
857,4,47,10,1,9,High,10,5
860,3,1,1,0,1,Ambient,1,0
860,3,11,1,0,1,Ambient,1,0
860,3,14,1,0,1,Ambient,1,0
860,3,21,1,0,1,Ambient,1,0
860,3,28,1,0,1,Ambient,1,0
860,3,47,1,0,1,Ambient,1,0
861,4,1,7,3,4,High,7,0
861,4,11,7,3,4,High,7,0
861,4,14,6,3,3,High,6,1
861,4,21,6,3,3,High,6,1
861,4,28,6,3,3,High,6,1
861,4,47,4,1,3,High,4,3
864,2,1,6,0,6,Ambient,6,0
864,2,11,6,0,6,Ambient,6,0
864,2,14,6,0,6,Ambient,6,0
864,2,21,5,0,5,Ambient,5,1
864,2,28,5,0,5,Ambient,5,1
864,2,47,5,0,5,Ambient,5,1
865,4,1,5,0,5,High,5,0
865,4,11,5,0,5,High,5,0
865,4,14,5,0,5,High,5,0
865,4,21,5,0,5,High,5,0
865,4,28,5,0,5,High,5,0
865,4,47,4,0,4,High,4,1
866,2,1,13,1,12,Ambient,13,0
866,2,11,13,1,12,Ambient,13,0
866,2,14,13,1,12,Ambient,13,0
866,2,21,13,1,12,Ambient,13,0
866,2,28,13,1,12,Ambient,13,0
866,2,47,12,2,10,Ambient,12,1
867,4,1,0,0,0,High,0,0
867,4,11,0,0,0,High,0,0
867,4,14,0,0,0,High,0,0
867,4,21,0,0,0,High,0,0
867,4,28,0,0,0,High,0,0
867,4,47,0,0,0,High,0,0
868,2,1,6,0,6,Ambient,6,0
868,2,11,6,0,6,Ambient,6,0
868,2,14,6,0,6,Ambient,6,0
868,2,21,6,0,6,Ambient,6,0
868,2,28,6,0,6,Ambient,6,0
868,2,47,6,0,6,Ambient,6,0
870,3,1,9,2,7,Ambient,9,0
870,3,11,5,3,2,Ambient,5,4
870,3,14,5,3,2,Ambient,5,4
870,3,21,5,3,2,Ambient,5,4
870,3,28,5,3,2,Ambient,5,4
870,3,47,4,3,1,Ambient,4,5
871,1,1,5,0,5,High,5,0
871,1,11,5,0,5,High,5,0
871,1,14,5,0,6,High,5,0
871,1,21,5,0,6,High,5,0
871,1,28,5,0,6,High,5,0
871,1,47,3,0,3,High,3,2
879,4,1,1,1,0,High,1,0
879,4,11,1,1,0,High,1,0
879,4,14,1,0,1,High,1,0
879,4,21,1,0,1,High,1,0
879,4,28,1,0,1,High,1,0
879,4,47,1,0,1,High,1,0
880,3,1,3,0,3,Ambient,3,0
880,3,11,3,0,3,Ambient,3,0
880,3,14,3,0,3,Ambient,3,0
880,3,21,3,0,3,Ambient,3,0
880,3,28,3,0,3,Ambient,3,0
880,3,47,3,0,3,Ambient,3,0
883,2,1,3,0,3,Ambient,3,0
883,2,11,3,0,3,Ambient,3,0
883,2,14,3,0,3,Ambient,3,0
883,2,21,3,0,3,Ambient,3,0
883,2,28,3,0,3,Ambient,3,0
883,2,47,3,0,3,Ambient,3,0
885,3,1,5,1,4,Ambient,5,0
885,3,11,5,1,4,Ambient,5,0
885,3,14,4,1,3,Ambient,4,1
885,3,21,4,1,3,Ambient,4,1
885,3,28,4,1,3,Ambient,4,1
885,3,47,3,0,3,Ambient,3,2
886,3,1,11,2,9,Ambient,11,0
886,3,11,11,2,9,Ambient,11,0
886,3,14,11,2,9,Ambient,11,0
886,3,21,11,2,9,Ambient,11,0
886,3,28,11,2,9,Ambient,11,0
886,3,47,9,2,7,Ambient,9,2
887,1,1,10,1,9,High,10,0
887,1,11,9,2,7,High,9,1
887,1,14,7,0,7,High,7,3
887,1,21,7,0,7,High,7,3
887,1,28,6,0,6,High,6,4
887,1,47,5,0,5,High,5,5
891,4,1,11,3,8,High,11,0
891,4,11,11,3,8,High,11,0
891,4,14,11,3,8,High,11,0
891,4,21,11,3,8,High,11,0
891,4,28,10,2,8,High,10,1
891,4,47,4,0,4,High,4,7
893,1,1,6,0,6,High,6,0
893,1,11,6,0,6,High,6,0
893,1,14,6,0,6,High,6,0
893,1,21,6,0,6,High,6,0
893,1,28,5,0,5,High,5,1
893,1,47,4,0,4,High,4,2
966,3,1,13,1,12,Ambient,13,0
966,3,11,13,1,12,Ambient,13,0
966,3,14,13,1,12,Ambient,13,0
966,3,21,13,1,12,Ambient,13,0
966,3,28,13,1,12,Ambient,13,0
966,3,47,11,1,10,Ambient,11,2
967,3,1,1,0,1,Ambient,1,0
967,3,11,1,0,1,Ambient,1,0
967,3,14,1,0,1,Ambient,1,0
967,3,21,1,0,1,Ambient,1,0
967,3,28,1,0,1,Ambient,1,0
967,3,47,1,0,1,Ambient,1,0
970,4,1,2,0,2,High,2,0
970,4,11,2,0,2,High,2,0
970,4,14,2,0,2,High,2,0
970,4,21,2,0,2,High,2,0
970,4,28,2,0,2,High,2,0
970,4,47,2,0,2,High,2,0
972,3,1,7,0,7,Ambient,7,0
972,3,11,7,0,7,Ambient,7,0
972,3,14,7,0,7,Ambient,7,0
972,3,21,7,0,7,Ambient,7,0
972,3,28,6,0,6,Ambient,6,1
972,3,47,5,0,5,Ambient,5,2
979,4,1,0,0,0,High,0,0
979,4,11,0,0,0,High,0,0
979,4,14,0,0,0,High,0,0
979,4,21,0,0,0,High,0,0
979,4,28,0,0,0,High,0,0
979,4,47,0,0,0,High,0,0
980,4,1,NA,NA,NA,High,NA,NA
980,4,11,1,0,1,High,NA,NA
980,4,14,1,0,1,High,1,0
980,4,21,1,0,1,High,1,0
980,4,28,1,0,1,High,1,0
980,4,47,0,0,0,High,0,1
981,1,1,4,0,4,High,4,0
981,1,11,4,0,4,High,4,0
981,1,14,4,0,4,High,4,0
981,1,21,4,0,4,High,4,0
981,1,28,4,0,4,High,4,0
981,1,47,1,0,1,High,1,3
983,3,1,7,1,6,Ambient,7,0
983,3,11,7,1,6,Ambient,7,0
983,3,14,7,1,6,Ambient,7,0
983,3,21,7,1,6,Ambient,7,0
983,3,28,7,1,6,Ambient,7,0
983,3,47,7,1,6,Ambient,7,0
985,3,1,6,0,6,Ambient,6,0
985,3,11,6,0,6,Ambient,6,0
985,3,14,6,0,6,Ambient,6,0
985,3,21,6,0,6,Ambient,6,0
985,3,28,6,0,6,Ambient,6,0
985,3,47,5,0,5,Ambient,5,1
1028,4,1,4,0,4,High,4,0
1028,4,11,4,0,4,High,4,0
1028,4,14,4,0,4,High,4,0
1028,4,21,4,0,4,High,4,0
1028,4,28,4,0,4,High,4,0
1028,4,47,4,0,4,High,4,0
1059,3,1,10,1,9,Ambient,10,0
1059,3,11,10,1,9,Ambient,10,0
1059,3,14,10,1,9,Ambient,10,0
1059,3,21,10,1,9,Ambient,10,0
1059,3,28,10,1,9,Ambient,10,0
1059,3,47,10,1,9,Ambient,10,0
1060,3,1,4,0,4,Ambient,4,0
1060,3,11,4,0,4,Ambient,4,0
1060,3,14,4,0,4,Ambient,4,0
1060,3,21,4,0,4,Ambient,4,0
1060,3,28,4,0,4,Ambient,4,0
1060,3,47,4,0,4,Ambient,4,0
1062,2,1,2,0,2,Ambient,2,0
1062,2,11,2,0,2,Ambient,2,0
1062,2,14,2,0,2,Ambient,2,0
1062,2,21,2,0,2,Ambient,2,0
1062,2,28,2,0,2,Ambient,2,0
1062,2,47,2,0,2,Ambient,2,0
1063,4,1,9,1,8,High,9,0
1063,4,11,9,1,8,High,9,0
1063,4,14,9,1,8,High,9,0
1063,4,21,9,1,8,High,9,0
1063,4,28,9,1,8,High,9,0
1063,4,47,3,0,3,High,3,6
1065,2,1,26,4,22,Ambient,26,0
1065,2,11,18,7,11,Ambient,18,8
1065,2,14,18,7,11,Ambient,18,8
1065,2,21,18,7,11,Ambient,18,8
1065,2,28,17,7,10,Ambient,17,9
1065,2,47,17,7,10,Ambient,17,9
1068,4,1,1,0,1,High,1,0
1068,4,11,1,0,1,High,1,0
1068,4,14,1,0,1,High,1,0
1068,4,21,1,0,1,High,1,0
1068,4,28,1,0,1,High,1,0
1068,4,47,1,0,1,High,1,0
1070,2,1,5,0,5,Ambient,5,0
1070,2,11,5,0,5,Ambient,5,0
1070,2,14,5,0,5,Ambient,5,0
1070,2,21,5,0,5,Ambient,5,0
1070,2,28,5,0,5,Ambient,5,0
1070,2,47,5,0,5,Ambient,5,0
1072,4,1,8,0,8,High,8,0
1072,4,11,8,0,8,High,8,0
1072,4,14,8,0,8,High,8,0
1072,4,21,8,0,8,High,8,0
1072,4,28,4,0,4,High,4,4
1072,4,47,4,0,4,High,4,4
1073,4,1,2,0,2,High,2,0
1073,4,11,2,0,2,High,2,0
1073,4,14,2,0,2,High,2,0
1073,4,21,2,0,2,High,2,0
1073,4,28,2,0,2,High,2,0
1073,4,47,2,0,2,High,2,0
1074,1,1,0,0,0,High,0,0
1074,1,11,0,0,0,High,0,0
1074,1,14,0,0,0,High,0,0
1074,1,21,0,0,0,High,0,0
1074,1,28,0,0,0,High,0,0
1074,1,47,0,0,0,High,0,0
1082,1,1,9,1,8,High,9,0
1082,1,11,7,1,6,High,7,2
1082,1,14,8,2,6,High,8,1
1082,1,21,7,2,5,High,7,2
1082,1,28,7,2,5,High,7,2
1082,1,47,3,0,3,High,3,6
1085,1,1,15,1,14,High,15,0
1085,1,11,15,1,14,High,15,0
1085,1,14,12,4,8,High,12,3
1085,1,21,14,2,12,High,14,1
1085,1,28,14,2,12,High,14,1
1085,1,47,8,2,6,High,8,7
1087,2,1,1,0,1,Ambient,1,0
1087,2,11,1,0,1,Ambient,1,0
1087,2,14,1,0,1,Ambient,1,0
1087,2,21,1,0,1,Ambient,1,0
1087,2,28,1,0,1,Ambient,1,0
1087,2,47,1,0,1,Ambient,1,0
1088,1,1,0,0,0,High,0,0
1088,1,11,0,0,0,High,0,0
1088,1,14,0,0,0,High,0,0
1088,1,21,0,0,0,High,0,0
1088,1,28,0,0,0,High,0,0
1088,1,47,0,0,0,High,0,0
1117,4,1,1,0,1,High,1,0
1117,4,11,1,0,1,High,1,0
1117,4,14,1,0,1,High,1,0
1117,4,21,1,0,1,High,1,0
1117,4,28,1,0,1,High,1,0
1117,4,47,1,0,1,High,1,0
1119,2,1,8,0,8,Ambient,8,0
1119,2,11,8,0,8,Ambient,8,0
1119,2,14,8,0,8,Ambient,8,0
1119,2,21,8,0,8,Ambient,8,0
1119,2,28,8,0,8,Ambient,8,0
1119,2,47,8,0,8,Ambient,8,0
1123,3,1,2,0,2,Ambient,2,0
1123,3,11,2,0,2,Ambient,2,0
1123,3,14,2,0,2,Ambient,2,0
1123,3,21,2,0,2,Ambient,2,0
1123,3,28,2,0,2,Ambient,2,0
1123,3,47,2,0,2,Ambient,2,0
1125,3,1,4,1,3,Ambient,4,0
1125,3,11,4,1,3,Ambient,4,0
1125,3,14,4,1,3,Ambient,4,0
1125,3,21,4,1,3,Ambient,4,0
1125,3,28,4,1,3,Ambient,4,0
1125,3,47,4,1,3,Ambient,4,0
1128,3,1,4,2,2,Ambient,4,0
1128,3,11,4,2,2,Ambient,4,0
1128,3,14,4,2,2,Ambient,4,0
1128,3,21,4,2,2,Ambient,4,0
1128,3,28,4,2,2,Ambient,4,0
1128,3,47,4,2,2,Ambient,4,0
1131,2,1,0,0,0,Ambient,0,0
1131,2,11,0,0,0,Ambient,0,0
1131,2,14,0,0,0,Ambient,0,0
1131,2,21,0,0,0,Ambient,0,0
1131,2,28,0,0,0,Ambient,0,0
1131,2,47,0,0,0,Ambient,0,0
1133,4,1,7,1,6,High,7,0
1133,4,11,7,1,6,High,7,0
1133,4,14,7,1,6,High,7,0
1133,4,21,7,1,6,High,7,0
1133,4,28,5,0,5,High,5,2
1133,4,47,5,0,5,High,5,2
1134,1,1,5,0,5,High,5,0
1134,1,11,5,0,5,High,5,0
1134,1,14,5,5,5,High,5,0
1134,1,21,5,0,5,High,5,0
1134,1,28,5,0,5,High,5,0
1134,1,47,2,0,2,High,2,3
1135,3,1,2,0,2,Ambient,2,0
1135,3,11,2,0,2,Ambient,2,0
1135,3,14,2,0,2,Ambient,2,0
1135,3,21,2,0,2,Ambient,2,0
1135,3,28,2,0,2,Ambient,2,0
1135,3,47,2,0,2,Ambient,2,0
1138,4,1,0,0,0,High,0,0
1138,4,11,0,0,0,High,0,0
1138,4,14,0,0,0,High,0,0
1138,4,21,0,0,0,High,0,0
1138,4,28,0,0,0,High,0,0
1138,4,47,0,0,0,High,0,0
1140,2,1,9,2,7,Ambient,9,0
1140,2,11,9,2,7,Ambient,9,0
1140,2,14,9,2,7,Ambient,9,0
1140,2,21,9,2,7,Ambient,9,0
1140,2,28,9,2,7,Ambient,9,0
1140,2,47,9,2,7,Ambient,9,0
1141,3,1,4,0,4,Ambient,4,0
1141,3,11,4,0,4,Ambient,4,0
1141,3,14,4,0,4,Ambient,4,0
1141,3,21,3,1,2,Ambient,3,1
1141,3,28,3,1,2,Ambient,3,1
1141,3,47,2,1,1,Ambient,2,2
1142,3,1,1,0,1,Ambient,1,0
1142,3,11,1,0,1,Ambient,1,0
1142,3,14,1,0,1,Ambient,1,0
1142,3,21,1,0,1,Ambient,1,0
1142,3,28,1,0,1,Ambient,1,0
1142,3,47,1,0,1,Ambient,1,0
1146,4,1,3,0,3,High,3,0
1146,4,11,3,0,3,High,3,0
1146,4,14,3,0,3,High,3,0
1146,4,21,3,0,3,High,3,0
1146,4,28,3,0,3,High,3,0
1146,4,47,2,0,2,High,2,1
1147,1,1,5,0,5,High,5,0
1147,1,11,5,0,5,High,5,0
1147,1,14,5,0,5,High,5,0
1147,1,21,5,0,5,High,5,0
1147,1,28,5,0,5,High,5,0
1147,1,47,1,0,1,High,1,4
1148,2,1,0,0,0,Ambient,0,0
1148,2,11,0,0,0,Ambient,0,0
1148,2,14,0,0,0,Ambient,0,0
1148,2,21,0,0,0,Ambient,0,0
1148,2,28,0,0,0,Ambient,0,0
1148,2,47,0,0,0,Ambient,0,0
1149,2,1,2,0,2,Ambient,2,0
1149,2,11,2,0,2,Ambient,2,0
1149,2,14,2,0,2,Ambient,2,0
1149,2,21,2,0,2,Ambient,2,0
1149,2,28,2,0,2,Ambient,2,0
1149,2,47,2,0,2,Ambient,2,0
1152,1,1,10,2,8,High,10,0
1152,1,11,10,2,8,High,10,0
1152,1,14,10,2,8,High,10,0
1152,1,21,10,2,8,High,10,0
1152,1,28,10,2,8,High,10,0
1152,1,47,6,1,5,High,6,4
1154,1,1,10,0,10,High,10,0
1154,1,11,10,0,10,High,10,0
1154,1,14,10,0,10,High,10,0
1154,1,21,10,0,10,High,10,0
1154,1,28,10,0,10,High,10,0
1154,1,47,4,0,4,High,4,6
1155,3,1,4,0,4,Ambient,4,0
1155,3,11,4,0,4,Ambient,4,0
1155,3,14,4,0,4,Ambient,4,0
1155,3,21,4,0,4,Ambient,4,0
1155,3,28,4,0,4,Ambient,4,0
1155,3,47,4,0,4,Ambient,4,0
1156,2,1,0,0,0,Ambient,0,0
1156,2,11,0,0,0,Ambient,0,0
1156,2,14,0,0,0,Ambient,0,0
1156,2,21,0,0,0,Ambient,0,0
1156,2,28,0,0,0,Ambient,0,0
1156,2,47,0,0,0,Ambient,0,0
1157,3,1,15,0,15,Ambient,15,0
1157,3,11,15,0,15,Ambient,15,0
1157,3,14,14,2,12,Ambient,14,1
1157,3,21,14,2,12,Ambient,14,1
1157,3,28,14,2,12,Ambient,14,1
1157,3,47,13,2,11,Ambient,13,2
1158,2,1,2,0,2,Ambient,2,0
1158,2,11,2,0,2,Ambient,2,0
1158,2,14,2,1,1,Ambient,2,0
1158,2,21,2,1,1,Ambient,2,0
1158,2,28,2,1,1,Ambient,2,0
1158,2,47,2,0,2,Ambient,2,0
1160,2,1,3,0,3,Ambient,3,0
1160,2,11,2,1,1,Ambient,2,1
1160,2,14,2,1,1,Ambient,2,1
1160,2,21,2,1,1,Ambient,2,1
1160,2,28,2,1,1,Ambient,2,1
1160,2,47,2,1,1,Ambient,2,1
1163,2,1,2,0,2,Ambient,2,0
1163,2,11,3,0,3,Ambient,2,0
1163,2,14,2,1,1,Ambient,2,0
1163,2,21,2,1,1,Ambient,2,0
1163,2,28,1,0,1,Ambient,1,1
1163,2,47,1,0,1,Ambient,1,1
1164,2,1,16,3,13,Ambient,16,0
1164,2,11,13,3,10,Ambient,13,3
1164,2,14,14,3,11,Ambient,14,2
1164,2,21,14,3,11,Ambient,14,2
1164,2,28,14,3,11,Ambient,14,2
1164,2,47,13,3,10,Ambient,13,3
1165,1,1,1,0,1,High,1,0
1165,1,11,1,0,1,High,1,0
1165,1,14,1,0,1,High,1,0
1165,1,21,1,0,1,High,1,0
1165,1,28,1,0,1,High,1,0
1165,1,47,1,0,1,High,1,0
1167,2,1,13,3,10,Ambient,13,0
1167,2,11,13,3,10,Ambient,13,0
1167,2,14,13,3,10,Ambient,13,0
1167,2,21,13,3,10,Ambient,13,0
1167,2,28,13,3,10,Ambient,13,0
1167,2,47,13,3,10,Ambient,13,0
1172,2,1,4,0,4,Ambient,4,0
1172,2,11,4,0,4,Ambient,4,0
1172,2,14,4,0,4,Ambient,4,0
1172,2,21,4,0,4,Ambient,4,0
1172,2,28,4,0,4,Ambient,4,0
1172,2,47,4,0,4,Ambient,4,0
1174,2,1,8,0,8,Ambient,8,0
1174,2,11,8,0,8,Ambient,8,0
1174,2,14,8,0,8,Ambient,8,0
1174,2,21,8,0,8,Ambient,8,0
1174,2,28,8,0,8,Ambient,8,0
1174,2,47,7,0,7,Ambient,7,1
1176,4,1,3,1,2,High,3,0
1176,4,11,3,1,2,High,3,0
1176,4,14,3,1,2,High,3,0
1176,4,21,3,1,2,High,3,0
1176,4,28,3,1,2,High,3,0
1176,4,47,3,0,3,High,3,0
1177,1,1,9,3,6,High,9,0
1177,1,11,8,2,6,High,8,1
1177,1,14,8,3,5,High,8,1
1177,1,21,8,3,5,High,8,1
1177,1,28,8,3,5,High,8,1
1177,1,47,3,1,2,High,3,6
1178,3,1,4,0,4,Ambient,4,0
1178,3,11,4,0,4,Ambient,4,0
1178,3,14,4,0,4,Ambient,4,0
1178,3,21,4,0,4,Ambient,4,0
1178,3,28,4,0,4,Ambient,4,0
1178,3,47,4,0,4,Ambient,4,0
1179,3,1,0,0,0,Ambient,0,0
1179,3,11,0,0,0,Ambient,0,0
1179,3,14,0,0,0,Ambient,0,0
1179,3,21,0,0,0,Ambient,0,0
1179,3,28,0,0,0,Ambient,0,0
1179,3,47,0,0,0,Ambient,0,0
1180,1,1,2,0,2,High,2,0
1180,1,11,2,0,2,High,2,0
1180,1,14,2,0,2,High,2,0
1180,1,21,2,0,2,High,2,0
1180,1,28,2,0,2,High,2,0
1180,1,47,1,0,1,High,1,1
1182,3,1,12,0,12,Ambient,12,0
1182,3,11,12,0,12,Ambient,12,0
1182,3,14,11,0,11,Ambient,11,1
1182,3,21,11,0,11,Ambient,11,1
1182,3,28,11,0,11,Ambient,11,1
1182,3,47,11,0,11,Ambient,11,1
1183,3,1,18,6,12,Ambient,18,0
1183,3,11,18,6,12,Ambient,18,0
1183,3,14,17,6,11,Ambient,17,1
1183,3,21,17,6,11,Ambient,17,1
1183,3,28,16,6,10,Ambient,16,2
1183,3,47,16,6,10,Ambient,16,2
504A,2,1,6,0,6,Ambient,6,0
504A,2,11,6,0,6,Ambient,6,0
504A,2,14,6,0,6,Ambient,6,0
504A,2,21,6,0,6,Ambient,6,0
504A,2,28,5,0,5,Ambient,5,1
504A,2,47,5,0,5,Ambient,5,1
504B,2,1,6,0,6,Ambient,6,0
504B,2,11,6,0,6,Ambient,6,0
504B,2,14,6,0,6,Ambient,6,0
504B,2,21,6,0,6,Ambient,6,0
504B,2,28,6,0,6,Ambient,6,0
504B,2,47,5,0,5,Ambient,5,1
511A,1,1,1,0,1,High,1,0
511A,1,11,1,0,1,High,1,0
511A,1,14,1,0,1,High,1,0
511A,1,21,1,0,1,High,1,0
511A,1,28,1,0,1,High,1,0
511A,1,47,1,0,1,High,1,0
511B,4,1,4,2,2,High,4,0
511B,4,11,4,2,2,High,4,0
511B,4,14,4,2,2,High,4,0
511B,4,21,4,2,2,High,4,0
511B,4,28,4,2,2,High,4,0
511B,4,47,2,1,1,High,2,2
512A,1,1,3,0,3,High,3,0
512A,1,11,3,0,3,High,3,0
512A,1,14,3,0,3,High,3,0
512A,1,21,3,0,3,High,3,0
512A,1,28,3,0,3,High,3,0
512A,1,47,1,0,1,High,1,2
512B,3,1,1,0,1,Ambient,1,0
512B,3,11,1,0,1,Ambient,1,0
512B,3,14,1,0,1,Ambient,1,0
512B,3,21,1,0,1,Ambient,1,0
512B,3,28,1,0,1,Ambient,1,0
512B,3,47,1,0,1,Ambient,1,0
516A,3,1,1,0,1,Ambient,1,0
516A,3,11,1,0,1,Ambient,1,0
516A,3,14,1,0,1,Ambient,1,0
516A,3,21,1,0,1,Ambient,1,0
516A,3,28,1,0,1,Ambient,1,0
516A,3,47,1,0,1,Ambient,1,0
516B,4,1,5,0,5,High,5,0
516B,4,11,5,0,5,High,5,0
516B,4,14,5,0,5,High,5,0
516B,4,21,5,0,5,High,5,0
516B,4,28,5,0,5,High,5,0
516B,4,47,2,0,2,High,2,3
518A,3,1,2,1,1,Ambient,2,0
518A,3,11,2,1,1,Ambient,2,0
518A,3,14,2,1,1,Ambient,2,0
518A,3,21,2,1,1,Ambient,2,0
518A,3,28,2,1,1,Ambient,2,0
518A,3,47,2,0,2,Ambient,2,0
518B,4,1,5,1,4,High,5,0
518B,4,11,5,1,4,High,5,0
518B,4,14,5,1,4,High,5,0
518B,4,21,5,1,4,High,5,0
518B,4,28,5,1,4,High,5,0
518B,4,47,1,0,1,High,1,4
520A,2,1,6,0,6,Ambient,6,0
520A,2,11,6,0,6,Ambient,6,0
520A,2,14,6,0,6,Ambient,6,0
520A,2,21,6,0,6,Ambient,6,0
520A,2,28,6,0,6,Ambient,6,0
520A,2,47,5,1,4,Ambient,5,1
520B,4,1,1,0,1,High,1,0
520B,4,11,1,0,1,High,1,0
520B,4,14,1,0,1,High,1,0
520B,4,21,1,0,1,High,1,0
520B,4,28,0,0,0,High,0,1
520B,4,47,0,0,0,High,0,1
524A,2,1,0,0,0,Ambient,0,0
524A,2,11,0,0,0,Ambient,0,0
524A,2,14,0,0,0,Ambient,0,0
524A,2,21,0,0,0,Ambient,0,0
524A,2,28,0,0,0,Ambient,0,0
524A,2,47,0,0,0,Ambient,0,0
524B,2,1,3,0,3,Ambient,3,0
524B,2,11,3,0,3,Ambient,3,0
524B,2,14,3,0,3,Ambient,3,0
524B,2,21,3,0,3,Ambient,3,0
524B,2,28,3,0,3,Ambient,3,0
524B,2,47,3,0,3,Ambient,3,0
540A,1,1,2,0,2,High,2,0
540A,1,11,2,0,2,High,2,0
540A,1,14,2,0,2,High,2,0
540A,1,21,2,0,2,High,2,0
540A,1,28,1,0,1,High,1,1
540A,1,47,0,0,0,High,0,2
540B,2,1,6,0,6,Ambient,6,0
540B,2,11,6,0,6,Ambient,6,0
540B,2,14,6,0,6,Ambient,6,0
540B,2,21,6,0,6,Ambient,6,0
540B,2,28,6,0,6,Ambient,6,0
540B,2,47,4,0,4,Ambient,4,2
546A,3,1,4,0,4,Ambient,4,0
546A,3,11,4,0,4,Ambient,4,0
546A,3,14,4,0,4,Ambient,4,0
546A,3,21,4,0,4,Ambient,4,0
546A,3,28,4,0,4,Ambient,4,0
546A,3,47,4,0,4,Ambient,4,0
546B,4,1,0,0,0,High,0,0
546B,4,11,0,0,0,High,0,0
546B,4,14,0,0,0,High,0,0
546B,4,21,0,0,0,High,0,0
546B,4,28,0,0,0,High,0,0
546B,4,47,NA,NA,NA,High,NA,NA
552A,3,1,1,0,1,Ambient,1,0
552A,3,11,1,0,1,Ambient,1,0
552A,3,14,1,0,1,Ambient,1,0
552A,3,21,1,0,1,Ambient,1,0
552A,3,28,1,0,1,Ambient,1,0
552A,3,47,1,0,1,Ambient,1,0
552B,4,1,3,0,3,High,3,0
552B,4,11,3,0,3,High,3,0
552B,4,14,3,0,3,High,3,0
552B,4,21,3,0,3,High,3,0
552B,4,28,3,0,3,High,3,0
552B,4,47,2,0,2,High,2,1
562A,1,1,1,0,1,High,1,0
562A,1,11,1,0,1,High,1,0
562A,1,14,1,0,1,High,1,0
562A,1,21,1,0,1,High,1,0
562A,1,28,1,0,1,High,1,0
562A,1,47,1,0,1,High,1,0
562B,4,1,7,2,5,High,7,0
562B,4,11,7,2,5,High,7,0
562B,4,14,7,2,5,High,7,0
562B,4,21,7,2,5,High,7,0
562B,4,28,6,2,4,High,6,1
562B,4,47,2,1,1,High,2,5
571A,1,1,0,0,0,High,0,0
571A,1,11,0,0,0,High,0,0
571A,1,14,0,0,0,High,0,0
571A,1,21,0,0,0,High,0,0
571A,1,28,0,0,0,High,0,0
571A,1,47,0,0,0,High,0,0
571B,3,1,12,0,12,Ambient,12,0
571B,3,11,12,0,12,Ambient,12,0
571B,3,14,12,0,12,Ambient,12,0
571B,3,21,12,0,12,Ambient,12,0
571B,3,28,12,0,12,Ambient,12,0
571B,3,47,NA,NA,NA,Ambient,NA,NA
575A,1,1,0,0,0,High,0,0
575A,1,11,0,0,0,High,0,0
575A,1,14,0,0,0,High,0,0
575A,1,21,0,0,0,High,0,0
575A,1,28,0,0,0,High,0,0
575A,1,47,0,0,0,High,0,0
575B,4,1,0,0,0,High,0,0
575B,4,11,0,0,0,High,0,0
575B,4,14,0,0,0,High,0,0
575B,4,21,0,0,0,High,0,0
575B,4,28,0,0,0,High,0,0
575B,4,47,0,0,0,High,0,0
584A,1,1,4,1,3,High,4,0
584A,1,11,4,1,3,High,4,0
584A,1,14,4,1,3,High,4,0
584A,1,21,4,1,3,High,4,0
584A,1,28,4,1,3,High,4,0
584A,1,47,4,1,3,High,4,0
584B,4,1,4,0,4,High,4,0
584B,4,11,4,0,4,High,4,0
584B,4,14,4,0,4,High,4,0
584B,4,21,4,0,4,High,4,0
584B,4,28,4,0,4,High,4,0
584B,4,47,3,0,3,High,3,1
614A,1,1,8,0,8,High,8,0
614A,1,11,8,0,8,High,8,0
614A,1,14,8,0,8,High,8,0
614A,1,21,8,0,8,High,8,0
614A,1,28,8,0,8,High,8,0
614A,1,47,5,1,4,High,5,3
614B,1,1,6,0,6,High,6,0
614B,1,11,6,0,6,High,6,0
614B,1,14,6,0,6,High,6,0
614B,1,21,5,0,5,High,5,1
614B,1,28,5,0,5,High,5,1
614B,1,47,4,0,4,High,4,2
615A,3,1,0,0,0,Ambient,0,0
615A,3,11,0,0,0,Ambient,0,0
615A,3,14,0,0,0,Ambient,0,0
615A,3,21,0,0,0,Ambient,0,0
615A,3,28,0,0,0,Ambient,0,0
615A,3,47,0,0,0,Ambient,0,0
615B,4,1,1,0,1,High,1,0
615B,4,11,1,0,1,High,1,0
615B,4,14,1,0,1,High,1,0
615B,4,21,1,0,1,High,1,0
615B,4,28,1,0,1,High,1,0
615B,4,47,0,0,0,High,0,1
622A,2,1,9,1,8,Ambient,9,0
622A,2,11,9,1,8,Ambient,9,0
622A,2,14,9,1,8,Ambient,9,0
622A,2,21,9,1,8,Ambient,9,0
622A,2,28,9,1,8,Ambient,9,0
622A,2,47,9,1,8,Ambient,9,0
622B,4,1,1,0,1,High,1,0
622B,4,11,1,0,1,High,1,0
622B,4,14,1,0,1,High,1,0
622B,4,21,1,0,1,High,1,0
622B,4,28,1,0,1,High,1,0
622B,4,47,1,0,1,High,1,0
639A,1,1,2,1,1,High,2,0
639A,1,11,2,1,1,High,2,0
639A,1,14,2,1,1,High,2,0
639A,1,21,2,1,1,High,2,0
639A,1,28,2,1,1,High,2,0
639A,1,47,2,0,2,High,2,0
639B,1,1,0,0,0,High,0,0
639B,1,11,0,0,0,High,0,0
639B,1,14,0,0,0,High,0,0
639B,1,21,0,0,0,High,0,0
639B,1,28,0,0,0,High,0,0
639B,1,47,0,0,0,High,0,0
643A,1,1,0,0,0,High,0,0
643A,1,11,0,0,0,High,0,0
643A,1,14,0,0,0,High,0,0
643A,1,21,0,0,0,High,0,0
643A,1,28,0,0,0,High,0,0
643A,1,47,0,0,0,High,0,0
643B,1,1,3,0,3,High,3,0
643B,1,11,3,0,3,High,3,0
643B,1,14,3,0,3,High,3,0
643B,1,21,2,0,2,High,2,1
643B,1,28,2,0,2,High,2,1
643B,1,47,2,0,2,High,2,1
823A,3,1,5,0,5,Ambient,5,0
823A,3,11,5,0,5,Ambient,5,0
823A,3,14,5,0,5,Ambient,5,0
823A,3,21,5,0,5,Ambient,5,0
823A,3,28,4,0,4,Ambient,4,1
823A,3,47,4,0,4,Ambient,4,1
823B,4,1,8,2,6,High,8,0
823B,4,11,8,2,6,High,8,0
823B,4,14,8,2,6,High,8,0
823B,4,21,8,2,6,High,8,0
823B,4,28,8,2,6,High,8,0
823B,4,47,3,0,3,High,3,5
873A,1,1,4,0,4,High,4,0
873A,1,11,4,0,4,High,4,0
873A,1,14,4,0,4,High,4,0
873A,1,21,4,0,4,High,4,0
873A,1,28,3,0,3,High,3,1
873A,1,47,3,0,3,High,3,1
873B,4,1,1,0,1,High,1,0
873B,4,11,1,0,1,High,1,0
873B,4,14,1,0,1,High,1,0
873B,4,21,0,0,0,High,0,1
873B,4,28,0,0,0,High,0,1
873B,4,47,0,0,0,High,0,1